[
  {
    "icon": "fa fa-home",
    "slug": "external",
    "title": "Volver al inicio",
    "path": "index.html"
  },
  {
    "id": 1,
    "icon": "fa fa-file-text",
    "slug": "concepto1",
    "title": "1. Conceptos de la derivada",
    "breadcrumb": ["Inicio","concepto1"],
    "path": "pages/1-tema.html",
    "submenu": [
      {
        "icon": "fa fa-file-text",
        "slug": "concepto1",
        "title": "1.1 Definición geométrica de la derivada",
        "anchor": "definicion"
      },
      {
        "icon": "fa fa-file-text",
        "slug": "concepto1",
        "title": "1.2 Derivada de una función en un punto",
        "anchor": "derivada"
      },
      {
        "icon": "fa fa-file-text",
        "slug": "concepto1",
        "title": "1.3 Cálculo de la derivada",
        "anchor": "calculo"
      },
      {
        "icon": "fa fa-file-text",
        "slug": "concepto1",
        "title": "1.4 Derivadas de funciones trascendentes",
        "anchor": "derivadas"
      },
      {
        "icon": "fa fa-file-text",
        "slug": "concepto1",
        "title": "1.5 Regla de L´Hopital",
        "anchor": "regla"
      },
      {
        "icon": "fa fa-file-text",
        "slug": "concepto1",
        "title": "1.6 Criterios de la primera y segunda derivada (puntos críticos, máximo, mínimos)",
        "anchor": "criterio"
      }
    ]
  },
  {
    "id": 2,
    "icon": "fa fa-file-text",
    "slug": "concepto2",
    "title": "2. Conceptos básicos de integración",
    "breadcrumb": ["Inicio","concepto2"],
    "path": "pages/2-tema.html"
  }
]